Time,Flux,+-
51610.555544,6.409E-12,9.106E-13
51619.954248,7.387E-12,6.149E-13
51630.512211,9.243E-12,5.106E-13
51640.280637,1.063E-11,5.758E-13
51650.823044,9.896E-12,9.64E-13
51660.392118,1.502E-11,6.825E-13
51670.683044,6.818E-12,5.638E-13
51680.893877,1.433E-11,1.199E-12
51690.33647,1.828E-11,7.705E-13
51710.567025,1.18E-11,9.111E-13
51720.463044,1.595E-11,9.521E-13
51730.3461,3.021E-11,1.803E-12
51740.191192,3.609E-11,8.088E-13
51746.825174,3.601E-11,9.703E-13
51749.069433,3.036E-11,8.429E-13
51750.796933,2.656E-11,1.191E-12
51752.87397,3.604E-11,1.019E-12
51754.413507,2.685E-11,1.819E-12
51756.405729,3.059E-11,1.639E-12
51758.345266,2.546E-11,9.157E-13
51760.67147,2.136E-11,9.47E-13
51762.392396,2.289E-11,9.533E-13
51764.444896,1.872E-11,1.228E-12
51766.186655,1.442E-11,1.366E-12
51768.439433,1.595E-11,9.196E-13
51770.081933,1.472E-11,7.264E-13
51780.30934,1.3E-11,2.31E-12
51800.754062,2.831E-11,9.043E-13
51810.142396,3.523E-11,9.504E-13
51820.643414,3.254E-11,9.609E-13
51830.1861,2.407E-11,1.427E-12
51839.479525,2.773E-11,1.04E-12
51849.892025,2.295E-11,8.369E-13
51859.48897,8.166E-12,3.183E-12
51869.607118,1.742E-11,9.007E-13
51879.761007,1.453E-11,8.783E-13
51889.653137,1.398E-11,7.479E-13
51900.331563,1.597E-11,8.747E-13
53433.43934,3.69E-11,1.236E-12
53435.349618,2.961E-11,1.056E-12
53437.438322,2.695E-11,8.555E-13
53439.993137,2.781E-11,9.266E-13
53441.424155,2.109E-11,9.807E-13
53443.074063,2.727E-11,8.338E-13
53445.369803,2.409E-11,9.028E-13
53447.281007,1.783E-11,8.838E-13
53453.682118,2.234E-11,1.662E-12
53456.020544,2.685E-11,1.26E-12
53457.172303,2.914E-11,8.036E-13
53458.90897,2.819E-11,1.242E-12
53461.451562,3.008E-11,1.167E-12
53463.604155,3.07E-11,1.209E-12
53465.528229,2.751E-11,1.134E-12
53467.494155,2.99E-11,1.026E-12
53469.363785,2.657E-11,7.113E-13
53471.489711,2.863E-11,1.075E-12
53473.428785,2.793E-11,1.257E-12
53475.355637,2.66E-11,1.178E-12
53477.507303,2.434E-11,8.882E-13
53479.418692,2.277E-11,8.02E-13
53481.493044,2.521E-11,1.433E-12
53483.349248,2.574E-11,8.982E-13
53485.176192,3.091E-11,9.069E-13
53487.140451,2.698E-11,9.227E-13
53489.489433,3.021E-11,1.736E-12
53491.27934,3.392E-11,8.68E-13
53493.282674,2.685E-11,9.916E-13
53495.259063,2.627E-11,8.133E-13
53497.212859,2.489E-11,8.979E-13
53499.136563,2.163E-11,9.036E-13
53501.738785,2.76E-11,8.295E-13
53503.571377,3.04E-11,1.431E-12
53505.805822,2.504E-11,1.209E-12
53507.808692,2.805E-11,1.084E-12
53509.088785,3.051E-11,1.068E-12
53511.460174,2.622E-11,1.587E-12
53513.426192,2.864E-11,1.008E-12
53517.423692,2.929E-11,1.443E-12
53519.319155,3.048E-11,1.161E-12
53521.626285,3.057E-11,2.305E-12
53523.395544,2.714E-11,1.008E-12
53525.496285,3.022E-11,8.965E-13
53527.073322,2.786E-11,1.057E-12
53529.492951,3.071E-11,1.012E-12
53531.254062,4.01E-11,1.084E-12
53533.276377,3.486E-11,1.407E-12
53535.251748,3.855E-11,9.535E-13
53537.150081,3.571E-11,9.477E-13
53540.042303,3.736E-11,1.013E-12
53541.202674,4.003E-11,1.205E-12
53543.24147,3.366E-11,9.313E-13
53545.198507,3.995E-11,1.65E-12
53547.899711,3.592E-11,9.644E-13
53549.070637,3.668E-11,9.222E-13
53551.055637,3.89E-11,1.051E-12
53553.694062,3.387E-11,1.12E-12
53555.896007,3.619E-11,8.967E-13
53557.655081,4.809E-11,1.615E-12
53561.790822,4.389E-11,1.02E-12
53563.788137,4.628E-11,3.895E-12
53565.416007,4.635E-11,1.06E-12
53569.132674,4.261E-11,1.441E-12
53571.128785,4.194E-11,1.359E-12
53573.130637,4.152E-11,1.128E-12
53575.972118,4.686E-11,1.448E-12
53577.139433,4.328E-11,1.021E-12
53579.052859,4.52E-11,1.207E-12
53581.270914,5.617E-11,3.724E-12
53583.9611,4.523E-11,1.022E-12
53585.201748,3.331E-11,9.445E-13
53587.687303,3.772E-11,9.302E-13
53589.720544,3.755E-11,1.348E-12
53591.886285,4.053E-11,9.435E-13
53593.98897,3.257E-11,8.237E-13
53595.953692,3.459E-11,9.043E-13
53597.917766,2.579E-11,9.031E-13
53599.882025,3.049E-11,9.476E-13
53601.367025,3.728E-11,1.021E-12
53603.503229,3.388E-11,1.259E-12
53605.702025,4.522E-11,7.871E-13
53607.397118,4.698E-11,3.659E-12
53609.633322,4.556E-11,1.171E-12
53611.290174,4.251E-11,1.112E-12
53613.599988,4.034E-11,1.127E-12
53615.042396,3.89E-11,1.419E-12
53617.32434,4.023E-11,1.072E-12
53619.160914,4.272E-11,8.79E-13
53621.004062,3.444E-11,1.583E-12
53623.03397,3.089E-11,1.227E-12
53625.894896,3.523E-11,1.487E-12
53627.075451,3.742E-11,8.332E-13
53629.046655,3.403E-11,1.082E-12
53631.872211,3.769E-11,1.202E-12
53633.965359,3.683E-11,8.738E-13
53635.798692,3.779E-11,8.415E-13
53637.885822,4.37E-11,1.127E-12
53639.84897,3.968E-11,9.722E-13
53641.941655,3.649E-11,1.041E-12
53643.862303,3.325E-11,1.134E-12
53645.895451,3.554E-11,1.018E-12
53647.783137,3.523E-11,1.246E-12
53649.613137,3.236E-11,7.545E-13
53651.835729,3.794E-11,7.292E-13
53655.70184,4.201E-11,1.077E-12
53657.749155,3.457E-11,9.285E-13
53659.607766,3.58E-11,1.821E-12
53661.536377,4.663E-11,1.098E-12
53663.339155,4.508E-11,9.297E-13
53665.087396,3.869E-11,1.178E-12
53667.051192,3.227E-11,1.222E-12
53669.928692,3.965E-11,1.077E-12
53671.115359,3.858E-11,1.481E-12
53673.856192,3.009E-11,8.377E-13
53675.783137,2.97E-11,8.992E-13
53677.727581,2.359E-11,1.024E-12
53679.752581,3.42E-11,7.607E-13
53681.012859,3.13E-11,9.918E-13
53683.483507,3.237E-11,8.27E-13
53685.664896,2.847E-11,9.512E-13
53687.819433,2.561E-11,8.659E-13
53689.781655,2.9E-11,8.665E-13
53691.623044,2.605E-11,7.384E-13
53693.766933,2.335E-11,9.488E-13
53695.482859,2.063E-11,9.159E-13
53696.602951,2.422E-11,1.073E-12
53696.731562,2.665E-11,9.305E-13
53696.98684,2.509E-11,8.336E-13
53697.311748,2.715E-11,1.102E-12
53697.514248,2.453E-11,7.831E-13
53697.835822,2.335E-11,9.228E-13
53697.988414,2.156E-11,8.683E-13
53698.176933,2.316E-11,7.691E-13
53698.427396,1.945E-11,7.543E-13
53698.754248,2.069E-11,7.787E-13
53698.962303,2.055E-11,8.547E-13
53699.142766,2.066E-11,1.038E-12
53699.618044,1.944E-11,9.21E-13
53699.757674,1.959E-11,9.068E-13
53700.008044,2.286E-11,8.071E-13
53700.323692,2.561E-11,9.743E-13
53700.587211,2.972E-11,9.041E-13
53700.783044,2.938E-11,1.051E-12
53700.979155,2.962E-11,9.237E-13
53701.170729,2.732E-11,9.712E-13
53701.442674,3.012E-11,9.6E-13
53701.692211,2.902E-11,1.169E-12
53702.029525,3.049E-11,9.039E-13
53702.493322,3.536E-11,1.014E-12
53702.736192,3.363E-11,1.628E-12
53703.009433,3.414E-11,9.525E-13
53703.325914,3.33E-11,1.028E-12
53703.981748,3.264E-11,9.121E-13
53704.220451,3.41E-11,1.327E-12
53704.722303,3.768E-11,8.953E-13
53705.010637,3.95E-11,3.369E-12
53705.357859,3.614E-11,1.307E-12
53705.817211,4.474E-11,1.031E-12
53706.127581,3.655E-11,1.007E-12
53706.351377,4.252E-11,9.896E-13
53706.909525,4.111E-11,1.064E-12
53707.402951,4.536E-11,1.064E-12
53707.6536,4.209E-11,1.716E-12
53707.960266,4.363E-11,1.006E-12
53708.453692,4.289E-11,1.016E-12
53708.665822,4.151E-11,1.005E-12
53708.778877,3.965E-11,8.77E-13
53709.075729,3.967E-11,1.002E-12
53709.863322,4.369E-11,1.355E-12
53710.125359,4.137E-11,1.47E-12
53710.417303,4.283E-11,1.018E-12
53710.552118,3.992E-11,8.674E-13
53710.744803,4.02E-11,1.051E-12
53711.040174,4.172E-11,1.148E-12
53711.297951,3.857E-11,2.026E-12
53711.532303,3.708E-11,9.622E-13
53711.762581,3.958E-11,1.55E-12
53712.022303,3.617E-11,9.336E-13
53712.314063,3.34E-11,1.146E-12
53712.512118,3.31E-11,1.065E-12
53712.775174,3.398E-11,1.041E-12
53712.99647,4.028E-11,1.263E-12
53713.003229,3.959E-11,2.156E-12
53713.364062,4.18E-11,1.445E-12
53713.497581,3.975E-11,1.002E-12
53713.760451,3.976E-11,1.057E-12
53713.923044,3.484E-11,1.206E-12
53714.250637,3.967E-11,1.133E-12
53714.481377,3.877E-11,1.136E-12
53714.768507,4.104E-11,9.784E-13
53715.032396,3.568E-11,8.515E-13
53715.292951,3.79E-11,4.172E-12
53715.601562,3.64E-11,1.148E-12
53715.802118,3.613E-11,8.678E-13
53715.944525,3.556E-11,1.032E-12
53716.343229,3.96E-11,2.262E-12
53716.517396,4.055E-11,9.383E-13
53716.784433,3.959E-11,9.548E-13
53716.982674,3.895E-11,1.143E-12
53717.196655,3.767E-11,9.341E-13
53717.524248,3.488E-11,1.111E-12
53717.827211,3.357E-11,1.16E-12
53718.110822,3.645E-11,9.026E-13
53718.245266,4.022E-11,1.152E-12
53718.54934,3.633E-11,1.107E-12
53718.746933,3.406E-11,9.093E-13
53719.02684,3.121E-11,9.244E-13
53719.287951,3.461E-11,2.898E-12
53719.532303,3.592E-11,9.407E-13
53719.684803,3.348E-11,7.845E-13
53719.928785,3.507E-11,1.103E-12
53720.209155,3.706E-11,1.089E-12
53720.383692,3.377E-11,7.897E-13
53720.714248,3.455E-11,7.122E-13
53720.987581,3.193E-11,9.642E-13
53721.191192,3.337E-11,1.144E-12
53721.500729,3.212E-11,8.114E-13
53721.649988,3.359E-11,1.311E-12
53721.969525,3.231E-11,1.094E-12
53722.42684,3.051E-11,1.01E-12
53722.678507,2.863E-11,7.985E-13
53722.9511,3.01E-11,8.833E-13
53723.221377,2.902E-11,9.59E-13
53723.594711,3.173E-11,9.071E-13
53723.796285,2.979E-11,9.973E-13
53724.069248,2.762E-11,8.572E-13
53724.244525,2.553E-11,9.147E-13
53724.447396,2.571E-11,1.075E-12
53724.777859,2.521E-11,1E-12
53725.05147,2.879E-11,8.75E-13
53725.296655,3.17E-11,8.89E-13
53725.558877,3.213E-11,1.064E-12
53725.759803,3.505E-11,9.475E-13
53726.0236,3.158E-11,1.236E-12
53726.279248,3.368E-11,1.099E-12
53726.47684,3.484E-11,1.117E-12
53726.799063,3.05E-11,1.716E-12
53726.946655,3.029E-11,8.157E-13
53727.207396,2.98E-11,1.136E-12
53727.539896,2.652E-11,1.02E-12
53727.793137,3.044E-11,8.595E-13
53727.995544,2.915E-11,9.853E-13
53728.243507,2.982E-11,1.14E-12
53728.506192,3.277E-11,1.532E-12
53728.775451,3.276E-11,9.091E-13
53729.109433,3.03E-11,9.514E-13
53729.292766,2.755E-11,1.03E-12
53729.555822,2.953E-11,1.131E-12
53729.757025,3.04E-11,8.069E-13
53730.090637,3.362E-11,1.122E-12
53730.2786,3.364E-11,9.786E-13
53730.468692,3.256E-11,1.12E-12
53730.736192,3.358E-11,8.175E-13
53730.9411,3.318E-11,7.445E-13
53731.193137,3.314E-11,9.052E-13
53731.451007,3.159E-11,1.306E-12
53731.717211,3.078E-11,8.977E-13
53731.989988,3.379E-11,9.221E-13
53732.499433,3.692E-11,1.706E-12
53732.768229,3.243E-11,8.972E-13
53733.036933,3.18E-11,9.547E-13
53733.219155,3.279E-11,9.754E-13
53733.54897,3.231E-11,1.277E-12
53733.749433,3.53E-11,1.01E-12
53733.9536,3.255E-11,8.955E-13
53734.20397,3.158E-11,8.762E-13
53734.523507,3.364E-11,9.956E-13
53734.663322,3.285E-11,1.055E-12
53734.934896,3.636E-11,9.67E-13
53735.196748,3.461E-11,9.308E-13
53735.526563,3.187E-11,8.995E-13
53735.713414,2.889E-11,9.941E-13
53735.917488,3.06E-11,8.878E-13
53736.185625,3.324E-11,9.184E-13
53736.428218,2.97E-11,1.204E-12
53736.694699,3.233E-11,8.618E-13
53736.897106,3.377E-11,9.001E-13
53737.089699,3.383E-11,7.53E-13
53737.424699,3.32E-11,1.198E-12
53737.612014,3.146E-11,8.456E-13
53737.745347,3.187E-11,1.071E-12
53738.077292,3.158E-11,9.072E-13
53738.337106,3.149E-11,9.691E-13
53738.608403,3.386E-11,9.386E-13
53738.863495,2.878E-11,8.054E-13
53739.053032,3.211E-11,1.057E-12
53739.371366,2.969E-11,9.908E-13
53739.573588,3.072E-11,9.443E-13
53739.846088,2.995E-11,7.266E-13
53740.044884,3.047E-11,8.986E-13
53740.368403,2.941E-11,1.121E-12
53740.642106,3.222E-11,7.92E-13
53740.827662,3.673E-11,9.905E-13
53741.084329,3.596E-11,1.11E-12
53741.281921,3.628E-11,1.013E-12
53741.533958,3.634E-11,1.056E-12
53741.807199,3.936E-11,8.429E-13
53742.010069,3.809E-11,1.03E-12
53742.321458,4.008E-11,1.568E-12
53742.653773,3.938E-11,9.886E-13
53742.785069,3.666E-11,1.161E-12
53742.98081,3.512E-11,9.433E-13
53743.177951,3.613E-11,1.011E-12
53743.568414,3.293E-11,1.156E-12
53743.720359,3.637E-11,1.248E-12
53743.97397,3.401E-11,9.912E-13
53744.159699,3.471E-11,1.044E-12
53744.428681,3.862E-11,1.018E-12
53744.703403,3.431E-11,1.04E-12
53745.011829,3.878E-11,1.086E-12
53745.261736,3.803E-11,1.13E-12
53745.668125,4.146E-11,1.02E-12
53745.797384,3.822E-11,9.489E-13
53745.932755,3.992E-11,1.014E-12
53746.243773,4.024E-11,1.036E-12
53746.582755,3.787E-11,7.822E-13
53746.779977,3.927E-11,1.216E-12
53747.041829,4E-11,1.127E-12
53747.171921,3.64E-11,1.472E-12
53747.644699,4.394E-11,9.602E-13
53747.829329,4.391E-11,1.272E-12
53748.207766,3.811E-11,9.608E-13
53748.354988,4.208E-11,1.032E-12
53748.548414,3.78E-11,9.38E-13
53748.811377,3.797E-11,9.821E-13
53749.019884,3.858E-11,9.511E-13
53749.256458,3.723E-11,9.328E-13
53749.530069,3.844E-11,9.88E-13
53749.79081,3.685E-11,9.915E-13
53750.11581,3.559E-11,1.025E-12
53750.318125,3.369E-11,8.897E-13
53750.577292,3.324E-11,9.538E-13
53750.842569,3.552E-11,9.028E-13
53751.097755,3.56E-11,1.275E-12
53751.369884,3.177E-11,8.555E-13
53751.558866,3.447E-11,8.837E-13
53751.781088,3.142E-11,1.487E-12
53752.08044,3.071E-11,1.157E-12
53752.334606,3.34E-11,1.02E-12
53752.529514,3.101E-11,1.204E-12
53752.69831,3.125E-11,1.049E-12
53753.094977,2.649E-11,1.702E-12
53753.317847,2.688E-11,9.612E-13
53753.542847,2.904E-11,8.893E-13
53753.856273,2.912E-11,9.964E-13
53754.01044,2.883E-11,1.064E-12
53754.654144,2.563E-11,9.649E-13
53755.283218,2.405E-11,8.158E-13
53755.738403,1.951E-11,1.087E-12
53756.246181,2.112E-11,2.878E-12
53756.530162,2.149E-11,8.752E-13
53756.729329,2.222E-11,7.799E-13
53757.024155,2.207E-11,9.547E-13
53757.248507,1.901E-11,9.689E-13
53757.622674,2.483E-11,1.275E-12
53757.707488,2.262E-11,1.091E-12
53757.903507,2.516E-11,1.144E-12
53758.382118,2.498E-11,1.064E-12
53758.738414,2.453E-11,1.708E-12
53758.93434,2.757E-11,1.113E-12
53759.281563,2.786E-11,1.585E-12
53759.723044,3.665E-11,7.687E-12
53760.105544,3.498E-11,1.427E-12
53760.331007,3.146E-11,2.062E-12
53760.544433,4.092E-11,1.085E-12
53763.388692,3.506E-11,1.412E-12
53765.675451,2.759E-11,9.41E-13
53769.727488,4.215E-11,9.764E-13
53771.703044,4.307E-11,1.19E-12
53773.924618,3.997E-11,1.174E-12
53775.753414,3.34E-11,8.902E-13
53777.53147,3.773E-11,1.496E-12
53779.477581,3.684E-11,9.62E-13
53781.389062,3.521E-11,1.032E-12
53783.553877,3.76E-11,9.007E-13
53785.508507,3.46E-11,9.569E-13
53787.466007,3.366E-11,1.092E-12
53789.443785,4.205E-11,1.023E-12
53791.324063,4.418E-11,1.022E-12
53793.218877,3.985E-11,9.678E-13
53795.386748,3.646E-11,9.174E-13
53797.475914,4.34E-11,1.004E-12
53799.398137,3.759E-11,9.454E-13
53801.420359,3.663E-11,9.035E-13
53803.436933,3.232E-11,9.515E-13
53809.134618,3.051E-11,1.121E-12
53811.382488,2.753E-11,8.47E-13
53813.204155,2.329E-11,1.303E-12
53815.915729,2.11E-11,1.554E-12
53817.616933,2.245E-11,7.859E-13
53819.978507,2.124E-11,2.34E-12
53821.941933,2.753E-11,2.983E-12
53823.4936,3.05E-11,1.06E-12
53825.390081,3.55E-11,1.116E-12
53827.557025,3.272E-11,1.423E-12
53829.41184,3.466E-11,1.104E-12
53831.483229,2.979E-11,1.177E-12
53833.527581,3.119E-11,9.989E-13
53835.477488,2.782E-11,1.376E-12
53837.453137,3.18E-11,9.106E-13
53839.214433,2.913E-11,1.184E-12
53841.388692,3.486E-11,1.039E-12
53843.276933,3.136E-11,1.01E-12
53845.252303,3.241E-11,1.129E-12
53847.265359,3.11E-11,8.079E-13
53849.375081,3.527E-11,9.562E-13
53851.210637,3.137E-11,8.424E-13
53853.0861,3.101E-11,9.399E-13
53855.968507,3.744E-11,9.336E-13
53857.999248,4.147E-11,1.102E-12
53859.943507,4.179E-11,2.153E-12
53861.15184,3.688E-11,8.451E-13
53863.056007,4.039E-11,8.725E-13
53865.496285,3.001E-11,1.261E-12
53867.931285,3.827E-11,2.817E-12
53869.349711,4.388E-11,1.187E-12
53871.445822,3.339E-11,1.16E-12
53873.614433,3.276E-11,1.978E-12
53875.23684,3.234E-11,8.376E-13
53877.403137,3.373E-11,1.214E-12
53879.244433,3.597E-11,8.941E-13
53881.328785,3.309E-11,1.251E-12
53883.359155,3.603E-11,1.321E-12
53885.281655,3.436E-11,9.754E-13
53887.175451,3.011E-11,9.446E-13
53889.31647,2.816E-11,1.587E-12
53891.222581,2.617E-11,1.128E-12
53893.385637,3.138E-11,9.454E-13
53895.149988,3.438E-11,9.757E-13
53897.835544,3.552E-11,9.353E-13
53899.664618,3.99E-11,1.093E-12
53901.121562,3.255E-11,8.618E-13
53903.846285,3.13E-11,1.072E-12
53905.049248,3.89E-11,9.074E-13
53907.012396,4.347E-11,9.949E-13
53909.526285,2.549E-11,1.413E-12
53913.744803,4.219E-11,1.516E-12
53914.934155,4.693E-11,1.114E-12
53917.088877,4.9E-11,1.029E-12
53919.599062,4.852E-11,2.058E-12
53921.21934,4.677E-11,1.23E-12
53923.387951,3.982E-11,1.525E-12
53925.161192,4.132E-11,9.377E-13
53927.176377,4.14E-11,1.047E-12
53929.287303,4.299E-11,1.02E-12
53931.315729,3.594E-11,1.211E-12
53933.200637,4.056E-11,1.752E-12
53935.436007,3.399E-11,1.345E-12
53937.331748,3.275E-11,1.434E-12
53939.224525,2.985E-11,2.846E-12
53941.138044,2.934E-11,9.896E-13
53942.973044,3.11E-11,9.249E-13
53945.005914,3.484E-11,1.018E-12
53947.105822,3.407E-11,1.006E-12
53952.052488,4.473E-11,1.407E-12
53954.047396,4.199E-11,1.163E-12
53957.943137,3.631E-11,8.255E-13
53959.847025,4.353E-11,9.265E-13
53961.809896,4.914E-11,2.271E-12
53963.755637,4.195E-11,4.039E-12
53965.68397,4.281E-11,1.321E-12
53969.514803,4.647E-11,1.195E-12
53971.537303,4.569E-11,4.387E-12
53973.171007,5.03E-11,9.685E-13
53975.393692,4.904E-11,2.205E-12
53977.094988,5.35E-11,1.058E-12
53979.318785,4.231E-11,2.419E-12
53981.088785,5.078E-11,1.173E-12
53983.175266,4.862E-11,1.254E-12
53985.148137,4.425E-11,9.834E-13
53987.044618,4.181E-11,8.475E-13
53989.922303,4.041E-11,1.11E-12
53992.007025,4.016E-11,1.917E-12
53993.724062,4.345E-11,1.137E-12
53995.038322,3.564E-11,9.946E-13
53997.068507,3.761E-11,7.388E-13
53999.540729,5.378E-11,1.177E-12
54001.96397,5.228E-11,1.147E-12
54003.603229,4.464E-11,8.942E-13
54005.692025,4.904E-11,1.114E-12
54007.598044,5.474E-11,1.157E-12
54009.617025,6.279E-11,1.012E-12
54011.592488,4.754E-11,9.951E-13
54013.318414,4.682E-11,1.264E-12
54015.070637,4.777E-11,1.031E-12
54017.619988,4.782E-11,1.03E-12
54019.067303,4.458E-11,1.272E-12
54021.4411,4.028E-11,2.578E-12
54023.060914,5.211E-11,1.688E-12
54025.103785,4.674E-11,1.055E-12
54027.068137,3.965E-11,8.907E-13
54029.874711,4.627E-11,1.003E-12
54031.906377,4.737E-11,9.993E-13
54033.933414,4.858E-11,9.343E-13
54035.897674,4.24E-11,1.114E-12
54037.792396,4.568E-11,8.473E-13
54039.634063,4.875E-11,1.032E-12
54041.799988,3.648E-11,9.237E-13
54043.763137,4.051E-11,1.01E-12
54045.710174,4.126E-11,1.135E-12
54047.756562,4.424E-11,9.924E-13
54049.693414,4.434E-11,1.194E-12
54051.680637,5.068E-11,9.605E-13
54053.783785,4.124E-11,1.115E-12
54055.262118,4.493E-11,9.882E-13
54057.128137,3.751E-11,1.537E-12
54059.578137,4.957E-11,1.444E-12
54063.149525,4.9E-11,1.428E-12
54065.179988,5.402E-11,1.388E-12
54067.14184,4.673E-11,1.386E-12
54071.066285,3.98E-11,1.459E-12
54073.241562,3.938E-11,1.221E-12
54075.850729,4.026E-11,8.186E-13
54077.94647,4.475E-11,1.204E-12
54079.692211,4.851E-11,1.3E-12
54081.802118,4.375E-11,1.016E-12
54083.113785,4.214E-11,1.572E-12
54085.623785,4.277E-11,1.004E-12
54087.636192,3.76E-11,1.166E-12
54089.787118,4.902E-11,1.081E-12
54091.627674,3.561E-11,1.069E-12
54093.974433,4.219E-11,9.935E-13
54095.690451,4.328E-11,1.086E-12
54097.707025,3.846E-11,1.055E-12
54099.065544,2.864E-11,1.072E-12
54101.491007,2.048E-11,8.203E-13
54103.317859,2.469E-11,9.517E-13
54105.052025,2.801E-11,1.245E-12
54107.084525,3.462E-11,1.317E-12
54109.139155,3.432E-11,2.656E-12
54111.043507,3.022E-11,1.066E-12
54115.344063,2.373E-11,1.079E-12
54117.1011,2.849E-11,1.079E-12
54119.924525,3.359E-11,9.834E-13
54121.885081,4.297E-11,9.15E-13
54123.561285,4.218E-11,1.267E-12
54125.742025,4.197E-11,1.152E-12
54127.904711,2.993E-11,1.008E-12
54129.665451,4.336E-11,1.462E-12
54131.546562,3.302E-11,1.064E-12
54133.589618,3.889E-11,8.282E-13
54135.474618,4.165E-11,9.249E-13
54137.461563,3.468E-11,9.482E-13
54139.625174,3.1E-11,1.208E-12
54141.367674,3.256E-11,1.019E-12
54143.330822,2.991E-11,9.731E-13
54145.62897,2.47E-11,1.008E-12
54147.269248,3.32E-11,1.063E-12
54149.507211,2.88E-11,8.124E-13
54151.537303,3.861E-11,1.102E-12
54153.27647,3.157E-11,9.084E-13
54155.170266,3.363E-11,1.247E-12
54157.424525,3.486E-11,9.834E-13
54159.177118,3.856E-11,9.858E-13
54161.825822,3.014E-11,1.028E-12
54163.812581,3.35E-11,2.337E-12
54167.000174,3.396E-11,1.105E-12
54169.806377,3.302E-11,1.118E-12
54171.157303,3.142E-11,1.19E-12
54173.471563,3.291E-11,1.157E-12
54175.886933,3.618E-11,1.064E-12
54177.657396,3.76E-11,8.465E-13
54179.558044,5.068E-11,1.173E-12
54183.544618,3.993E-11,1.079E-12
54185.4386,4.489E-11,9.737E-13
54187.414525,3.344E-11,9.253E-13
54189.3636,3.054E-11,9.584E-13
54191.475451,2.576E-11,1.209E-12
54193.368507,2.805E-11,9.945E-13
54195.317674,2.914E-11,8.639E-13
54197.479618,3.051E-11,1.001E-12
54199.393414,3.224E-11,9.435E-13
54201.334803,2.61E-11,8.712E-13
54203.234433,2.283E-11,9.086E-13
54205.407766,2.687E-11,8.849E-13
54207.380637,3.699E-11,1.177E-12
54209.259803,3.627E-11,1.205E-12
54211.150544,2.88E-11,1.056E-12
54213.244896,2.894E-11,8.839E-13
54215.139248,3.421E-11,2.276E-12
54217.048692,3.494E-11,9.088E-13
54219.01147,2.463E-11,9.419E-13
54221.456933,2.404E-11,1.089E-12
54223.468322,2.457E-11,9.695E-13
54225.371933,2.461E-11,1.129E-12
54227.333785,2.917E-11,1.023E-12
54229.367766,3.914E-11,9.31E-13
54231.253229,4.398E-11,1.018E-12
54233.280914,3.979E-11,1.112E-12
54235.648044,3.279E-11,1.105E-12
54237.164063,3.413E-11,1.022E-12
54239.193785,3.78E-11,9.691E-13
54241.2761,4.032E-11,8.829E-13
54243.320359,3.979E-11,1.13E-12
54245.214711,4.06E-11,1.024E-12
54247.358137,3.708E-11,1.009E-12
54249.259803,3.663E-11,9.81E-13
54251.283229,3.626E-11,9.018E-13
54253.114525,3.448E-11,9.275E-13
54255.073507,3.568E-11,9.135E-13
54257.106192,3.777E-11,8.669E-13
54259.1961,4.129E-11,8.056E-13
54261.034063,3.596E-11,1.064E-12
54263.053137,3.97E-11,1.533E-12
54267.750544,3.703E-11,2.015E-12
54269.579988,3.467E-11,9.514E-13
54271.541748,3.927E-11,1.001E-12
54273.294618,3.273E-11,8.25E-13
54275.396933,3.344E-11,8.937E-13
54277.358322,4.451E-11,1.138E-12
54279.179711,3.559E-11,9.587E-13
54283.227118,3.279E-11,1.006E-12
54287.1661,2.815E-11,9.435E-13
54291.157025,3.185E-11,8.45E-13
54294.031748,2.489E-11,9.354E-13
54299.087951,2.5E-11,1.027E-12
54303.784155,1.705E-11,8.128E-13
54307.572025,1.043E-11,7.343E-13
54311.754155,1.217E-11,9.399E-13
54319.685174,1.467E-11,1.004E-12
54323.184711,1.256E-11,1.081E-12
54327.084155,1.103E-11,1E-12
54331.159896,1.504E-11,6.728E-13
54335.150359,1.771E-11,9.858E-13
54339.138785,1.821E-11,9.359E-13
54341.033137,2.164E-11,8.694E-13
54343.788322,2.203E-11,8.03E-13
54345.089525,2.373E-11,9.045E-13
54346.797488,2.399E-11,1.018E-12
54349.07934,2.593E-11,1.065E-12
54351.838137,2.45E-11,8.917E-13
54353.868785,2.43E-11,8.885E-13
54355.748692,2.301E-11,1.041E-12
54357.792396,1.912E-11,8.458E-13
54359.868229,1.555E-11,8.855E-13
54361.762303,1.098E-11,9.214E-13
54363.437581,1.219E-11,7.341E-13
54365.476285,6.155E-12,3.167E-12
54367.572488,9.47E-12,1.282E-12
54369.127303,9.388E-12,6.416E-13
54371.351655,7.507E-12,7.331E-13
54373.121007,9.268E-12,7.107E-13
54375.477303,1.152E-11,6.936E-13
54377.905729,1.447E-11,8.539E-13
54379.073229,1.538E-11,9.322E-13
54381.934433,1.798E-11,8.071E-13
54383.909433,2.358E-11,9.832E-13
54386.006655,2.792E-11,9.527E-13
54387.901377,2.17E-11,7.762E-13
54389.945081,2.208E-11,1.172E-12
54391.770822,2.174E-11,7.955E-13
54393.933322,2.275E-11,9.299E-13
54395.829803,2.029E-11,8.015E-13
54397.5711,2.279E-11,8.934E-13
54399.48184,2.272E-11,8.932E-13
54399.819803,2.495E-11,8.095E-13
54400.389988,2.191E-11,6.862E-13
54400.930081,2.09E-11,1.2E-12
54401.509248,2.389E-11,7.318E-13
54401.852211,2.459E-11,9.238E-13
54402.833414,2.763E-11,1.124E-12
54403.868414,2.845E-11,9.105E-13
54404.831562,2.709E-11,8.88E-13
54405.363507,2.298E-11,9.362E-13
54405.9011,2.356E-11,9.267E-13
54406.278692,2.333E-11,1.13E-12
54406.617025,2.227E-11,9.259E-13
54406.864896,2.537E-11,8.181E-13
54407.2861,2.342E-11,1.733E-12
54407.645637,2.695E-11,9.215E-13
54407.873785,2.107E-11,9.852E-13
54408.193322,2.462E-11,7.498E-13
54408.371192,2.342E-11,7.727E-13
54408.578414,2.376E-11,9.462E-13
54408.855914,2.402E-11,8.921E-13
54409.349988,2.203E-11,6.487E-13
54409.558692,2.096E-11,7.177E-13
54409.768229,2.26E-11,1.007E-12
54410.267951,2.063E-11,9.145E-13
54410.748044,2.592E-11,9.324E-13
54411.729525,2.6E-11,8.088E-13
54412.294525,2.364E-11,8.736E-13
54415.170729,1.65E-11,9.94E-13
54417.474062,2.424E-11,1.047E-12
54421.156285,2.235E-11,8.814E-13
54423.90184,2.382E-11,1.118E-12
54425.936285,2.57E-11,1.002E-12
54427.256285,2.548E-11,1.186E-12
54429.778507,2.848E-11,8.565E-13
54431.874618,3.171E-11,9.404E-13
54433.797581,2.963E-11,1.083E-12
54435.236655,2.89E-11,1.241E-12
54437.909803,2.631E-11,9.082E-13
54439.788137,2.553E-11,8.344E-13
54441.365637,2.895E-11,9.924E-13
54443.857303,2.782E-11,1.073E-12
54445.769896,2.05E-11,1.122E-12
54447.782025,2.662E-11,9.621E-13
54449.809433,2.415E-11,9.32E-13
54451.705266,2.755E-11,9.965E-13
54453.408692,2.641E-11,8.808E-13
54455.625266,2.894E-11,1.024E-12
54457.607766,2.845E-11,9.272E-13
54459.157951,2.866E-11,8.955E-13
54461.641748,2.405E-11,8.298E-13
54463.695266,2.875E-11,1.994E-13
54463.962951,2.793E-11,2.799E-13
54464.163877,2.814E-11,8.999E-13
54464.42147,2.772E-11,2.747E-13
54464.689711,2.852E-11,2.45E-13
54464.960081,2.855E-11,3.784E-13
54465.107951,2.809E-11,9.513E-13
54465.228322,3.039E-11,5.94E-13
54465.366655,3.236E-11,5.833E-13
54465.504896,3.252E-11,6.534E-13
54465.717581,3.176E-11,1.967E-13
54465.924063,3.228E-11,4.131E-13
54466.0611,3.148E-11,6.468E-13
54466.174711,3.187E-11,4.238E-13
54466.394525,3.191E-11,3.992E-13
54466.621285,3.223E-11,2.77E-13
54467.265822,3.63E-11,5.435E-12
54469.237396,3.069E-11,1.128E-12
54471.408044,3.187E-11,7.963E-13
54473.364711,3.937E-11,1.208E-12
54475.944896,3.574E-11,1.073E-12
54477.252396,3.118E-11,1.054E-12
54479.867211,3.405E-11,8.592E-13
54481.690174,3.449E-11,1.019E-12
54483.721563,3.265E-11,7.944E-13
54485.53684,3.967E-11,9.806E-13
54487.764896,2.793E-11,1.025E-12
54489.552581,2.971E-11,1.044E-12
54491.567766,3.618E-11,1.066E-12
54493.475081,2.898E-11,1.01E-12
54495.626377,2.439E-11,8.886E-13
54497.32897,2.582E-11,9.535E-13
54499.614248,2.886E-11,8.652E-13
54501.640637,3.438E-11,9.759E-13
54503.667951,3.512E-11,9.767E-13
54505.172396,3.349E-11,9.79E-13
54507.588322,3.232E-11,1.066E-12
54509.347766,3.518E-11,1.087E-12
54511.055081,3.66E-11,9.659E-13
54513.273414,3.404E-11,1.019E-12
54515.169433,2.928E-11,1.069E-12
54517.178137,3.381E-11,1.381E-12
54521.135914,3.702E-11,1.034E-12
54523.852025,3.523E-11,9.156E-13
54525.090174,3.233E-11,1.054E-12
54527.772766,3.041E-11,8.666E-13
54529.651285,3.197E-11,1.041E-12
54531.159525,3.139E-11,8.936E-13
54533.656377,3.422E-11,9.794E-13
54535.617488,3.024E-11,9.787E-13
54537.577951,2.733E-11,7.726E-13
54539.536933,2.712E-11,8.858E-13
54541.500174,2.835E-11,1.002E-12
54543.462303,2.061E-11,8.474E-13
54545.556377,3.1E-11,9.626E-13
54547.385081,2.399E-11,1.014E-12
54549.430451,3.066E-11,9.758E-13
54551.375729,4.13E-11,9.723E-13
54553.421007,3.841E-11,9.701E-13
54555.312488,3.337E-11,9.747E-13
54557.249618,2.972E-11,1.09E-12
54559.940637,3.123E-11,1.057E-12
54561.334896,3.243E-11,9.382E-13
54563.2961,2.671E-11,1.079E-12
54565.187581,2.593E-11,9.855E-13
54567.454063,1.989E-11,1.836E-12
54571.888137,2.045E-11,1.047E-12
54573.716007,2.716E-11,8.087E-13
54575.606007,2.415E-11,8.709E-13
54577.424711,2.504E-11,8.11E-13
54579.595544,2.428E-11,8.916E-13
54581.558044,2.244E-11,7.186E-13
54583.184896,2.548E-11,1.094E-12
54585.411192,3.69E-11,9.167E-13
54587.257396,3.849E-11,1.128E-12
54589.402859,3.558E-11,9.766E-13
54591.3636,3.309E-11,9.569E-13
54593.38934,2.943E-11,1.011E-12
54597.382766,3.53E-11,1.057E-12
54599.019803,2.956E-11,9.365E-13
54601.424063,2.51E-11,1.075E-12
54603.461192,3.089E-11,9.351E-13
54605.362951,2.623E-11,8.222E-13
54607.260081,2.204E-11,9.515E-13
54609.735081,2.525E-11,9.553E-13
54611.194711,2.477E-11,8.617E-13
54613.929525,2.046E-11,8.929E-13
54615.959155,2.122E-11,8.53E-13
54617.07934,1.823E-11,1.08E-12
54619.040544,2.095E-11,1.011E-12
54621.806655,1.895E-11,8.297E-13
54623.941192,2.119E-11,9.015E-13
54625.796192,1.836E-11,9.168E-13
54627.500359,1.898E-11,8.344E-13
54629.316933,1.403E-11,1.085E-12
54631.47397,9.596E-12,8.15E-13
54633.381377,7.039E-12,8.169E-13
54635.343414,1.314E-11,8.495E-13
54637.234896,1.566E-11,8.303E-13
54639.076192,1.446E-11,7.812E-13
54641.292488,1.628E-11,8.963E-13
54643.238229,1.323E-11,9.738E-13
54645.025729,1.004E-11,7.836E-13
54647.246748,1.506E-11,8.939E-13
54651.217859,1.977E-11,1.111E-12
54655.157396,2.009E-11,8.432E-13
54659.919525,2.168E-11,8.413E-13
54663.908785,2.482E-11,8.769E-13
54667.311285,2.242E-11,9.927E-13
54671.700822,2.422E-11,9.887E-13
54675.400174,2.125E-11,8.433E-13
54679.249711,2.444E-11,8.066E-13
54683.498044,2.379E-11,1.036E-12
54687.230174,2.804E-11,9.704E-13
54691.21897,2.578E-11,9.535E-13
54695.073137,2.807E-11,8.62E-13
54699.059063,3.388E-11,9.551E-13
54703.066377,3.021E-11,1.049E-12
54705.734896,2.88E-11,9.789E-13
54707.695359,2.004E-11,9.331E-13
54709.711285,1.838E-11,7.477E-13
54711.670914,1.673E-11,9.333E-13
54713.405914,1.765E-11,9.701E-13
54715.53684,2.592E-11,1.045E-12
54721.600081,2.595E-11,1.857E-12
54723.362488,3.164E-11,1.092E-12
54725.650451,3.592E-11,1.018E-12
54727.2161,3.695E-11,1.258E-12
54729.243877,3.448E-11,8.597E-13
54731.203877,3.154E-11,1.044E-12
54733.16434,3.575E-11,1.01E-12
54735.125081,3.114E-11,9.774E-13
54737.140359,3.913E-11,9.589E-13
54739.100544,3.308E-11,1.003E-12
54741.07397,2.777E-11,9.254E-13
54743.101563,3.107E-11,1.267E-12
54745.857025,2.074E-11,8.819E-13
54747.803785,1.959E-11,8.972E-13
54749.914525,2.657E-11,8.825E-13
54751.936655,3.088E-11,9.706E-13
54753.88684,2.961E-11,9.637E-13
54755.456285,2.681E-11,8.879E-13
54757.552488,3.168E-11,1.056E-12
54759.833877,3.989E-11,1.313E-12
54761.72684,4.135E-11,1.117E-12
54763.777766,4.386E-11,1.04E-12
54765.291655,3.786E-11,1.114E-12
54767.389248,3.611E-11,1.168E-12
54769.283044,3.489E-11,1.101E-12
54773.410081,3.854E-11,9.324E-13
54775.312211,4.555E-11,1.237E-12
54777.124618,3.725E-11,9.621E-13
54779.234433,3.89E-11,1.079E-12
54781.318137,3.721E-11,1.345E-12
54783.157488,4.648E-11,9.332E-13
54785.894803,3.879E-11,8.8E-13
54787.855359,3.723E-11,9.265E-13
54789.882766,3.698E-11,8.187E-13
54791.121655,3.521E-11,9.05E-13
54793.937211,3.316E-11,1.169E-12
54795.694155,3.196E-11,8.147E-13
54797.792118,3.697E-11,8.017E-13
54799.821285,3.481E-11,9.215E-13
54801.843785,3.034E-11,9.694E-13
54803.691377,2.937E-11,9.316E-13
54805.638137,3.248E-11,8.851E-13
54807.339063,3.201E-11,1.182E-12
54809.709525,3.383E-11,9.54E-13
54811.259803,3.387E-11,1.114E-12
54813.354618,3.679E-11,1.326E-12
54815.643877,3.671E-11,8.496E-13
54817.275266,3.866E-11,1.017E-12
54819.167581,3.844E-11,9.135E-13
54821.265544,3.905E-11,1.101E-12
54823.292396,3.759E-11,1.688E-12
54825.232025,3.82E-11,1.519E-12
54827.489711,4.201E-11,9.262E-13
54829.347211,3.865E-11,8.44E-13
54831.307859,4.03E-11,1.353E-12
54833.717951,4.066E-11,9.386E-13
54835.746748,4.006E-11,9.813E-13
54837.841655,4.041E-11,1.188E-12
54839.599988,3.5E-11,8.959E-13
54841.696655,2.796E-11,8.653E-13
54843.589711,2.176E-11,9.456E-13
54845.615451,3.054E-11,1.091E-12
54847.577396,3.007E-11,8.505E-13
54849.549711,2.607E-11,8.863E-13
54851.376007,2.4E-11,8.945E-13
54853.729896,2.682E-11,7.723E-13
54855.365359,2.445E-11,8.935E-13
54857.647674,2.463E-11,9.876E-13
54859.40897,2.48E-11,1.058E-12
54861.439988,2.556E-11,1.054E-12
54863.553785,2.983E-11,8.195E-13
54865.165914,3.116E-11,1.029E-12
54867.127211,3.358E-11,1.198E-12
54869.805081,3.046E-11,1.013E-12
54871.1761,2.916E-11,1.481E-12
54873.146192,3.142E-11,1.124E-12
54875.244896,3.409E-11,9.528E-13
54877.206285,3.236E-11,1.006E-12
54880.242859,3.628E-11,3.807E-12
54881.745544,3.4E-11,8.84E-13
54883.430266,2.605E-11,9.48E-13
54885.853322,2.504E-11,1.003E-12
54887.75934,2.825E-11,9.981E-13
54889.719803,3.171E-11,9.637E-13
54891.680081,2.721E-11,9.335E-13
54893.586655,2.787E-11,9.114E-13
54895.6686,2.858E-11,8.337E-13
54897.492488,2.926E-11,8.731E-13
54899.33434,2.172E-11,8.183E-13
54901.551562,2.453E-11,8.526E-13
54903.049525,1.898E-11,1.58E-12
54905.351748,2.321E-11,9.76E-13
54907.242211,2.349E-11,7.91E-13
54909.396748,1.863E-11,9.521E-13
54911.569248,2.128E-11,1.014E-12
54913.244618,2.449E-11,9.183E-13
54915.291748,2.165E-11,8.837E-13
54917.165914,2.545E-11,8.92E-13
54919.952581,2.619E-11,1.06E-12
54923.189896,3.128E-11,9.848E-13
54925.024248,3.263E-11,9.712E-13
54927.05434,2.752E-11,1.083E-12
54929.958414,2.75E-11,9.823E-13
54931.202488,2.81E-11,9.328E-13
54933.406933,2.436E-11,1.028E-12
54935.371933,2.14E-11,1.097E-12
54937.470544,3.073E-11,9.48E-13
54939.621285,3.004E-11,9.359E-13
54941.527859,3.412E-11,9.496E-13
54943.486192,2.407E-11,1.048E-12
54945.185637,2.751E-11,1.01E-12
54947.342118,2.834E-11,8.641E-13
54949.303877,3.54E-11,1.011E-12
54951.346655,3.104E-11,1.051E-12
54953.5461,2.898E-11,1.376E-12
54955.249711,2.919E-11,1.212E-12
54957.284155,2.69E-11,1.136E-12
54959.173414,2.593E-11,9.953E-13
54961.218044,2.672E-11,9.88E-13
54963.178507,2.339E-11,1.226E-12
54965.277951,2.379E-11,1.022E-12
54967.098692,3.053E-11,8.568E-13
54971.917118,4.139E-11,1.793E-12
54973.94934,3.59E-11,1.733E-12
54975.758785,3.25E-11,1.216E-12
54977.880637,3.372E-11,1.215E-12
54979.469988,3.25E-11,9.76E-13
54981.434803,3.078E-11,9.501E-13
54983.531655,3.646E-11,1.017E-12
54985.944248,3.559E-11,1.164E-12
54987.173507,4.247E-11,1.01E-12
54989.275637,4.192E-11,1.099E-12
54991.373877,4.085E-11,9.489E-13
54993.065914,3.912E-11,9.837E-13
54997.185822,3.925E-11,8.504E-13
54999.148044,4.362E-11,1.198E-12
55001.17684,5.288E-11,1.34E-12
55003.219433,4.451E-11,1.201E-12
55005.026655,4.559E-11,1.012E-12
55007.266563,4.64E-11,1.09E-12
55009.296655,4.249E-11,1.201E-12
55010.989155,3.612E-11,8.921E-13
55013.793229,3.191E-11,8.842E-13
55015.685729,3.728E-11,1.198E-12
55017.07897,3.34E-11,8.207E-13
55019.606562,3.9E-11,1.15E-12
55023.727118,2.837E-11,1.437E-12
55025.72647,2.851E-11,1.072E-12
55027.618785,3.042E-11,1.058E-12
55029.390637,2.505E-11,9.913E-13
55031.417396,2.736E-11,8.341E-13
55033.377211,3.363E-11,1.076E-12
55035.337211,3.541E-11,9.625E-13
55037.295637,3.806E-11,8.62E-13
55039.175451,2.574E-11,8.697E-13
55041.270544,1.789E-11,1.004E-12
55043.1111,1.564E-11,7.296E-13
55045.272581,1.287E-11,8.094E-13
55047.0986,2.06E-11,7.991E-13
55049.127859,2.558E-11,9.237E-13
55051.101285,3.029E-11,1.075E-12
55053.04647,2.108E-11,8.912E-13
55055.088507,2.146E-11,7.701E-13
55057.051933,2.295E-11,1.227E-12
55059.079988,2.536E-11,1.296E-12
55061.086933,2.986E-11,8.098E-13
55063.913414,2.173E-11,8.638E-13
55065.652766,3.134E-11,1.193E-12
55067.679896,2.987E-11,1.006E-12
55070.009618,3.06E-11,1.739E-12
55071.822396,2.753E-11,1.022E-12
55077.633414,2.249E-11,9.677E-13
55079.733322,2.095E-11,1.016E-12
55081.527025,2.018E-11,9.501E-13
55083.094896,1.592E-11,9.52E-13
55087.137951,3.023E-11,8.679E-13
55089.099803,2.361E-11,1.058E-12
55091.059433,2.047E-11,9.455E-13
55093.086933,2.256E-11,8.438E-13
55107.858044,3.134E-11,8.779E-13
55109.750544,2.974E-11,8.84E-13
55111.912951,2.867E-11,8.329E-13
55113.8911,3.285E-11,9.977E-13
55115.837951,2.322E-11,9.344E-13
55117.860081,2.421E-11,8.86E-13
55119.548877,2.669E-11,9.06E-13
55121.521562,3.192E-11,8.785E-13
55123.517211,2.153E-11,1.111E-12
55125.285081,2.139E-11,1.141E-12
55127.314618,2.785E-11,1.497E-12
55133.12434,3.052E-11,9.007E-13
55135.854896,3.439E-11,1.064E-12
55137.054618,3.938E-11,9.731E-13
55139.073322,4.306E-11,1.177E-12
55141.892303,3.831E-11,1.361E-12
55143.890544,3.226E-11,1.017E-12
55145.795266,3.406E-11,1.057E-12
55147.826933,2.897E-11,8.349E-13
55151.948322,3.626E-11,9.578E-13
55153.652581,3.307E-11,1.157E-12
55155.810266,3.588E-11,1.181E-12
55157.896655,3.931E-11,1.071E-12
55159.806285,3.271E-11,9.607E-13
55161.685544,3.496E-11,9.731E-13
55163.574618,3.464E-11,8.308E-13
55165.397951,4.087E-11,1.261E-12
55167.492303,4.47E-11,9.602E-13
55173.50434,2.644E-11,2.545E-12
55175.544803,2.725E-11,8.266E-13
55177.241562,2.611E-11,1.914E-12
55179.764062,2.677E-11,9.571E-13
55181.466933,2.65E-11,1.261E-12
55183.943877,3.099E-11,8.385E-13
55185.9036,3.146E-11,9.937E-13
55187.929618,4.054E-11,1.064E-12
55189.823692,4.016E-11,1.102E-12
55191.253692,3.714E-11,8.026E-13
55193.876563,3.909E-11,9.151E-13
55195.972488,3.729E-11,1.221E-12
55197.930451,4.29E-11,1.025E-12
55199.824525,4.153E-11,1.002E-12
55201.442488,4.074E-11,1.024E-12
55203.810451,4.532E-11,1.429E-12
55205.774433,3.863E-11,9.178E-13
55207.662581,3.969E-11,1.259E-12
55209.626933,4.618E-11,9.267E-13
55211.603507,4.268E-11,1.36E-12
55213.492303,3.638E-11,1.055E-12
55215.245359,3.865E-11,1.07E-12
55217.070081,3.225E-11,8.646E-13
55219.165451,3.859E-11,1.091E-12
55221.314618,4.342E-11,1.07E-12
55222.983785,3.716E-11,1.174E-12
55225.375822,3.52E-11,1.207E-12
55229.239803,2.993E-11,8.719E-13
55231.887303,3.436E-11,1.011E-12
55233.580822,3.767E-11,9.812E-13
55235.720822,3.693E-11,9.94E-13
55237.830822,3.63E-11,8.845E-13
55239.600451,3.08E-11,9.897E-13
55241.599248,3.536E-11,1.12E-12
55243.456562,3.336E-11,9.466E-13
55249.333877,1.769E-11,9.138E-13
55251.495359,2.454E-11,8.227E-13
55253.386563,2.274E-11,8.735E-13
55254.366655,2.28E-11,9.755E-13
55256.848137,2.805E-11,1.027E-12
55259.472951,3.035E-11,9.188E-13
55261.416563,3.351E-11,1.029E-12
55263.322118,3.151E-11,1.132E-12
55265.986655,2.961E-11,7.472E-13
55267.378877,2.223E-11,7.949E-13
55269.117766,2.718E-11,1.054E-12
55271.209896,2.605E-11,1.114E-12
55273.303785,2.079E-11,1.012E-12
55275.267488,1.595E-11,8.425E-13
55279.067488,2.706E-11,8.206E-13
55281.162859,3.05E-11,1.003E-12
55283.529525,3.489E-11,1.17E-12
55285.563229,3.118E-11,1.139E-12
55286.946933,2.997E-11,1.15E-12
55289.54934,3.421E-11,1.067E-12
55291.710451,3.312E-11,9.991E-13
55293.670266,3.089E-11,1.034E-12
55295.549711,2.601E-11,7.916E-13
55297.385081,2.992E-11,1.267E-12
55299.362025,3.305E-11,1.058E-12
55301.427859,2.769E-11,9.631E-13
55303.212581,3.029E-11,9.208E-13
55305.413877,3.111E-11,1.126E-12
55307.334988,2.859E-11,7.498E-13
55309.534433,2.584E-11,1.587E-12
55311.186377,2.366E-11,1.063E-12
55313.352581,1.318E-11,9.114E-13
55315.312581,1.68E-11,1.111E-12
55317.839803,2.159E-11,1.063E-12
55319.080822,2.029E-11,9.548E-13
55321.108044,1.803E-11,9.607E-13
55323.78434,1.946E-11,9.971E-13
55325.880081,2.548E-11,1.095E-12
55329.645729,2.746E-11,9.406E-13
55331.965729,2.893E-11,1.194E-12
55333.49147,2.909E-11,9.627E-13
55335.518877,2.883E-11,1.091E-12
55337.804803,2.472E-11,1.187E-12
55339.505359,2.616E-11,8.688E-13
55341.464988,2.951E-11,1.054E-12
55343.62647,3.451E-11,1.155E-12
55345.436562,3.141E-11,1.067E-12
55347.408785,3.091E-11,9.156E-13
55349.355174,3.453E-11,9.16E-13
55351.518322,3.556E-11,1.084E-12
55353.290359,3.056E-11,8.82E-13
55355.302766,3.27E-11,9.321E-13
55357.404525,3.222E-11,1.489E-12
55359.422211,2.697E-11,1.171E-12
55361.194433,3.191E-11,1.005E-12
55363.273322,2.878E-11,1.058E-12
55365.766563,2.49E-11,1.16E-12
55367.087951,2.134E-11,9.159E-13
55369.162951,1.383E-11,8.091E-13
55371.916655,2.003E-11,9.823E-13
55373.735081,2.082E-11,8.553E-13
55375.903044,1.222E-11,6.753E-13
55377.79184,1.593E-11,8.956E-13
55379.229155,1.744E-11,2.263E-12
55381.132859,1.241E-11,7.145E-13
55383.810544,1.095E-11,9.937E-13
55385.251933,1.117E-11,1.026E-12
55387.211007,1.119E-11,7.773E-13
55389.172025,8.773E-12,6.985E-13
55391.133692,1.098E-11,7.665E-13
55393.158507,1.586E-11,9.114E-13
55395.842766,1.922E-11,9.836E-13
55397.080266,1.593E-11,1.383E-12
55399.171655,1.384E-11,1.034E-12
55401.009063,1.177E-11,8.617E-13
55403.157118,1.576E-11,9.235E-13
55405.145359,1.698E-11,7.169E-13
55407.209803,1.329E-11,1.629E-12
55409.237118,1.182E-11,1.735E-12
55411.143137,1.193E-11,7.791E-13
55412.983692,1.116E-11,7.751E-13
55415.079525,7.956E-12,6.689E-13
55418.021192,7.841E-12,6.967E-13
55419.065174,1.013E-11,9.398E-13
55421.009248,1.39E-11,9.418E-13
55423.540729,1.007E-11,2.145E-12
55425.715359,6.407E-12,7.303E-13
55427.813877,8.785E-12,7.318E-13
55429.56684,6.496E-12,1.496E-12
55431.761748,8.17E-12,1.066E-12
55433.119896,6.334E-12,6.089E-13
55435.487396,9.175E-12,9.073E-13
55437.174896,7.785E-12,7.411E-13
55439.324618,1.182E-11,9.45E-13
55441.22897,1.558E-11,1.023E-12
55443.981285,1.746E-11,9.295E-13
55445.078322,1.626E-11,8.216E-13
55447.30897,1.843E-11,1.233E-12
55448.994896,1.966E-11,9.391E-13
55451.038414,2.255E-11,1.4E-12
55453.119618,2.113E-11,9.834E-13
55455.129803,2.684E-11,1.111E-12
55457.949433,3.987E-11,1.059E-12
55459.583785,3.394E-11,1.072E-12
55461.86684,3.606E-11,1.155E-12
55463.840637,3.713E-11,9.713E-13
55465.45934,3.494E-11,1.081E-12
55467.897951,2.773E-11,1.185E-12
55469.4436,2.505E-11,9.929E-13
55471.401933,2.74E-11,9.05E-13
55473.6911,3.208E-11,1.103E-12
55475.690729,3.098E-11,1.161E-11
55477.672581,2.967E-11,1.452E-12
55481.312488,4.042E-11,1.052E-12
55483.049896,3.679E-11,1.144E-12
55485.362488,3.922E-11,1.195E-12
55487.054248,4.34E-11,9.266E-13
55489.076748,3.894E-11,1.17E-12
55491.896007,3.346E-11,1.419E-12
55493.9761,3.181E-11,1.024E-12
55495.9986,3.745E-11,8.341E-13
55497.960451,3.724E-11,9.146E-13
55499.915637,2.596E-11,8.59E-13
55501.87397,2.419E-11,1.023E-12
55503.832303,2.171E-11,8.826E-13
55505.672396,2.301E-11,6.924E-13
55507.940451,2.209E-11,1.035E-12
55509.846192,2.141E-11,8.884E-13
55511.872951,1.585E-11,9.85E-13
55513.766748,1.676E-11,8.802E-13
55515.739896,1.463E-11,9.938E-13
55517.75184,1.316E-11,7.392E-13
55519.587674,1.697E-11,9.455E-13
55521.739988,2.15E-11,8.476E-13
55523.362859,1.745E-11,7.191E-13
55527.419988,1.925E-11,8.562E-13
55529.568322,1.57E-11,1.127E-12
55531.439803,2.509E-11,1.001E-12
55533.366655,2.109E-11,1.519E-12
55535.165081,2.536E-11,1.131E-12
55537.49147,2.102E-11,1.095E-12
55539.931655,1.962E-11,9.25E-13
55541.4786,1.931E-11,8.783E-13
55543.774063,1.754E-11,7.016E-13
55545.800451,2.729E-11,1.035E-12
55547.678229,1.686E-11,7.421E-13
55549.7161,1.287E-11,7.628E-13
55551.729803,1.738E-11,8.44E-13
55553.700822,1.935E-11,9.786E-13
55555.53897,2.12E-11,1.048E-12
55557.617488,2.736E-11,9.221E-13
55559.454248,3.147E-11,1.029E-12
55561.60434,2.878E-11,8.488E-13
55563.574988,2.224E-11,9.873E-13
55565.533229,2.154E-11,8.135E-13
55567.693044,2.381E-11,7.361E-13
55569.310637,1.682E-11,7.637E-13
55571.323785,1.459E-11,9.687E-13
55573.282211,1.374E-11,9.177E-13
55577.923877,1.253E-11,1.055E-12
55579.232674,1.337E-11,1.643E-12
55581.109062,1.732E-11,1.738E-12
55583.842396,1.375E-11,7.267E-13
55585.871933,1.549E-11,1.128E-12
55587.117118,1.107E-11,8.702E-13
55589.787766,1.357E-11,9.268E-13
55591.744155,1.363E-11,7.078E-13
55593.83684,1.284E-11,6.874E-13
55595.579711,1.191E-11,7.725E-13
55597.68647,1.258E-11,6.859E-13
55599.644803,1.114E-11,8.805E-13
55601.534248,1.174E-11,7.567E-13
55603.440081,1.409E-11,7.176E-13
55605.586285,9.059E-12,8.005E-13
55607.614062,1.71E-11,1.036E-12
55609.164803,2.307E-11,9.078E-13
55611.460822,1.738E-11,1.008E-12
55613.4886,1.723E-11,9.438E-13
55615.631377,1.94E-11,9.829E-13
55617.264062,1.609E-11,8.787E-13
55619.224062,1.539E-11,7.705E-13
55621.473785,1.181E-11,8.407E-13
55625.031933,8.633E-12,1.715E-12
55627.068044,8.456E-12,6.975E-13
55629.095174,7.781E-12,7.742E-13
55633.150729,1.257E-11,7.855E-13
55635.003322,1.042E-11,8.082E-13
55637.682766,1.083E-11,8.812E-13
55639.639062,1.323E-11,7.357E-13
55641.662951,1.883E-11,7.777E-13
55643.554988,1.454E-11,8.284E-13
55645.512211,1.816E-11,7.376E-13
55647.537859,1.657E-11,7.898E-13
55649.495174,1.75E-11,7.182E-13
55651.453229,1.662E-11,9.155E-13
55653.409711,1.636E-11,8.162E-13
55655.367674,1.894E-11,8.902E-13
55657.394525,1.822E-11,8.235E-13
55659.283414,2.284E-11,9.908E-13
55661.242488,2.013E-11,9.724E-13
55663.280637,1.757E-11,9.908E-13
55665.422674,2.43E-11,8.396E-13
55667.319525,2.963E-11,9.382E-13
55669.206285,2.64E-11,1.057E-12
55671.109248,3.122E-11,1.085E-12
55673.344988,2.764E-11,1.045E-12
55675.077581,2.489E-11,9.474E-13
55679.203507,2.604E-11,8.928E-13
55681.851285,2.652E-11,1.627E-12
55685.503229,2.041E-11,9.042E-13
55687.448322,2.999E-11,8.679E-13
55689.546655,3.395E-11,1.066E-12
55691.436192,2.913E-11,1.041E-12
55693.393137,2.775E-11,8.469E-13
55695.350174,3.487E-11,1.083E-12
55697.373692,3.959E-11,1.088E-12
55699.329988,3.66E-11,9.256E-13
55701.28684,3.252E-11,9.03E-13
55703.111748,3.832E-11,1.081E-12
55705.215266,3.496E-11,1.13E-12
55707.148322,3.511E-11,1.13E-12
55709.25147,2.715E-11,8.179E-13
55711.208507,2.081E-11,8.741E-13
55713.165729,2.357E-11,1.013E-12
55715.374433,2.451E-11,1.402E-12
55717.731377,2.892E-11,8.351E-13
55719.821933,2.325E-11,9.312E-13
55721.845637,2.388E-11,9.403E-13
55723.857951,2.875E-11,9.117E-13
55726.105822,2.485E-11,1.082E-12
55727.978877,2.361E-11,8.935E-13
55729.587674,2.205E-11,1.344E-12
55731.905637,2.244E-11,7.799E-13
55732.951192,1.901E-11,9.956E-13
55735.385544,1.784E-11,7.261E-13
55737.412674,1.419E-11,9.433E-13
55739.369988,2.381E-11,1.004E-12
55741.660174,1.676E-11,1.003E-12
55743.293785,2.609E-11,8.773E-13
55745.426748,2.302E-11,9.974E-13
55747.076562,2.022E-11,9.044E-13
55749.748414,2.639E-11,8.965E-13
55751.967581,2.254E-11,8.7E-13
55753.322581,2.09E-11,7.885E-13
55754.83434,1.974E-11,8.001E-13
55757.969896,1.976E-11,8.431E-13
55759.781933,3.032E-11,9.758E-13
55761.214896,3.179E-11,9.444E-13
55763.192674,3.18E-11,1.109E-12
55765.196007,3.152E-11,9.236E-13
55767.804248,3.052E-11,8.731E-13
55769.967303,2.902E-11,9.515E-13
55772.007025,2.386E-11,7.787E-13
55773.741655,2.069E-11,8.501E-13
55775.475451,2.34E-11,7.655E-13
55783.573692,3.105E-11,9.749E-13
55785.2711,3.311E-11,9.533E-13
55787.727396,3.646E-11,1.1E-12
55789.18397,3.236E-11,9.571E-13
55791.207118,3.41E-11,9.595E-13
55793.164711,3.145E-11,1.04E-12
55795.187581,2.998E-11,1.003E-12
55797.143877,3.347E-11,1.02E-12
55799.168229,3.651E-11,1.07E-12
55801.125081,3.783E-11,1.093E-12
55803.081377,4.317E-11,1.045E-12
55805.037674,3.07E-11,9.968E-13
55807.062396,2.425E-11,7.369E-13
55809.032303,2.933E-11,1.22E-12
55811.046007,3.474E-11,1.211E-12
55819.914063,3.106E-11,1.124E-12
55821.729248,3.826E-11,9.06E-13
55823.7011,3.556E-11,1.021E-12
55824.732303,3.552E-11,1.048E-12
55827.599525,3.167E-11,1.023E-12
55829.568229,2.878E-11,1.094E-12
55831.169711,3.752E-11,1.073E-12
55835.64184,4.212E-11,1.105E-12
55837.560266,4.354E-11,1.07E-12
55839.056655,4.424E-11,9.738E-13
55841.9736,4.164E-11,8.233E-13
55843.9511,4.688E-11,1.269E-12
55845.950914,4.728E-11,1.19E-12
55847.922951,3.734E-11,9.29E-13
55849.864155,3.654E-11,9.262E-13
55851.767118,3.76E-11,9.15E-13
55853.993414,3.908E-11,9.891E-13
55855.690359,4.395E-11,1.27E-12
55857.765266,3.617E-11,9.977E-13
55859.731933,3.902E-11,9.296E-13
55861.812859,4.291E-11,1.124E-12
55863.767766,3.206E-11,8.547E-13
55865.597581,4.053E-11,9.431E-13
55867.815637,5.042E-11,1.067E-12
55869.124525,4.295E-11,1.159E-12
55871.668877,4.464E-11,9.716E-13
55873.553785,4.112E-11,1.073E-12
55875.56434,4.859E-11,1.098E-12
55877.531563,4.495E-11,1.129E-12
55879.4736,3.724E-11,1.159E-12
55881.369896,3.619E-11,1.184E-12
55883.169988,4.084E-11,1.169E-12
55885.12647,3.902E-11,1.49E-12
55887.212118,3.91E-11,1.228E-12
55889.664433,4.484E-11,1.065E-12
55891.37684,4.211E-11,1.263E-12
55893.91647,3.971E-11,1.073E-12
55895.870544,4.353E-11,1.191E-12
55900.031748,3.55E-11,1.137E-12
55901.997766,4.621E-11,1.214E-12
55903.75184,4.672E-11,1.302E-12
55905.703877,4.209E-11,1.097E-12
55907.470451,3.771E-11,1.198E-12
55909.679618,3.884E-11,9.4E-13
55911.577488,3.875E-11,1.201E-12
55913.724803,4.226E-11,1.041E-12
55915.691562,3.846E-11,1.031E-12
55917.699063,4.07E-11,9.316E-13
55919.597303,4.194E-11,9.152E-13
55921.604155,3.759E-11,9.015E-13
55923.610544,3.702E-11,1.042E-12
55925.59434,3.535E-11,1.052E-12
